x,y,z
0.03,0.03,1.00
0.04,0.03,1.00
0.04,0.03,1.00
0.04,0.02,1.00
0.04,0.03,1.00
0.05,0.04,1.00
0.02,0.04,1.00
0.03,0.04,1.00
0.03,0.04,1.00
0.04,0.03,1.00
0.05,0.03,1.00
0.04,0.03,1.00
0.04,0.03,1.00
0.04,0.03,1.00
0.04,0.03,1.00
0.04,0.03,1.00
0.04,0.02,1.00
0.04,0.02,1.00
0.02,0.04,1.02
0.00,0.00,1.02
0.09,0.46,1.00
0.01,0.25,0.91
0.05,0.61,0.80
0.02,0.63,0.74
-0.03,0.67,0.71
-0.02,0.78,0.61
0.01,0.64,0.68
0.02,0.45,0.96
0.03,0.29,0.97
0.02,0.12,0.99
0.00,0.12,1.07
0.03,0.07,1.02
0.09,-0.03,1.02
0.05,0.00,1.00
0.04,0.02,1.00
0.04,0.03,1.00
0.04,0.02,1.00
0.04,0.02,1.00
0.05,0.02,1.00
0.04,0.03,1.00
0.04,0.03,1.00
0.04,0.02,1.00
0.03,0.03,1.00
0.04,0.03,1.00
0.04,0.03,1.00
0.04,0.03,1.00
0.04,0.03,1.00
0.04,0.03,1.00
0.04,0.03,1.00
0.04,0.03,1.00
0.04,0.03,1.00
0.04,0.03,1.00
0.04,0.03,1.00
0.04,0.03,1.00
0.04,0.02,1.00
0.04,0.03,1.00
0.04,0.03,1.00
0.04,0.03,1.00
0.04,0.03,1.00
0.04,0.03,1.00
0.04,0.03,1.00
0.04,0.03,1.00
0.04,0.03,1.00
0.03,0.03,1.00
0.04,0.03,1.00
0.04,0.03,1.00
0.04,0.03,1.00
0.04,0.03,1.00
0.04,0.03,1.00
0.04,0.03,1.00
0.03,0.04,1.00
0.04,0.03,1.00
0.04,0.03,1.00
0.04,0.03,1.01
0.04,0.03,1.00
0.02,0.04,1.02
0.00,0.12,0.96
0.03,0.61,1.09
0.04,0.53,0.65
-0.10,0.71,0.66
0.09,0.90,0.59
0.02,0.86,0.42
0.02,0.92,0.48
0.04,0.90,0.57
0.03,0.77,0.61
0.03,0.71,0.94
-0.03,0.26,1.00
-0.02,0.22,1.02
-0.05,0.03,1.04
-0.03,0.05,1.01
0.02,0.04,1.00
0.03,0.05,1.00
0.04,0.03,1.00
0.04,0.03,1.00
0.04,0.03,1.00
0.04,0.03,1.00
0.04,0.02,1.00
0.04,0.03,1.00
0.04,0.03,1.00
0.04,0.03,1.00
0.04,0.03,1.00
0.04,0.03,1.00
0.04,0.03,1.00
0.04,0.02,1.00
0.04,0.03,1.00
0.04,0.03,1.00
0.03,0.03,1.00
0.04,0.03,1.00
0.04,0.03,1.00
0.04,0.03,1.00
0.04,0.03,1.00
0.04,0.03,1.00
0.04,0.03,1.00
0.04,0.03,1.00
0.04,0.02,1.00
0.04,0.03,1.00
0.04,0.03,1.00
0.04,0.03,1.00
0.04,0.02,1.00
0.04,0.03,1.00
0.04,0.03,1.00
0.04,0.02,1.00
0.04,0.03,1.00
0.04,0.03,1.00
0.05,0.02,1.00
0.04,0.04,1.00
0.03,0.02,1.00
0.05,0.08,1.02
-0.04,0.10,0.91
0.12,0.50,1.23
-0.04,0.31,0.75
0.06,0.65,0.62
0.07,0.76,0.49
0.05,1.02,0.50
0.01,0.88,0.44
0.02,0.75,0.51
0.02,0.39,0.91
0.04,0.39,1.05
-0.01,0.14,0.99
-0.01,0.10,0.97
-0.03,0.10,0.99
-0.00,0.11,0.98
0.10,-0.00,1.15
0.05,-0.01,1.00
0.04,0.04,1.00
0.04,0.03,1.00
0.04,0.03,1.00
0.04,0.02,1.00
0.04,0.03,1.00
0.04,0.03,1.00
0.04,0.03,1.00
0.04,0.02,1.00
0.04,0.03,1.00
0.04,0.03,1.00
0.04,0.03,1.00
0.04,0.03,1.00
0.04,0.03,1.00
0.04,0.03,1.00
0.04,0.02,1.00
0.04,0.03,1.00
0.04,0.03,1.00
0.04,0.03,1.00
0.04,0.02,1.00
0.04,0.03,1.00
0.04,0.03,1.00
0.03,0.03,1.00
0.04,0.03,1.00
0.04,0.03,1.00
0.04,0.03,1.00
0.04,0.03,1.00
0.04,0.02,1.00
0.04,0.03,1.00
0.04,0.03,1.00
0.04,0.03,1.00
0.04,0.03,1.00
0.04,0.03,1.00
0.04,0.03,1.00
0.04,0.03,1.00
0.04,0.03,1.00
0.04,0.03,1.00
0.04,0.03,1.00
0.04,0.02,1.00
0.04,0.03,1.00
0.04,0.03,1.00
0.03,0.03,1.00
0.02,0.03,1.00
0.02,0.06,1.02
0.00,0.20,0.99
0.05,0.71,1.02
-0.00,0.34,0.74
0.02,0.79,0.93
-0.01,0.82,0.57
0.02,0.96,0.48
0.00,0.89,0.47
0.01,0.89,0.52
0.00,0.90,0.53
0.01,0.88,0.56
0.02,0.64,0.81
0.02,0.59,0.82
0.03,0.41,1.00
-0.01,0.23,1.00
0.02,0.23,1.01
0.00,0.02,1.04
0.01,0.09,1.00
0.01,0.11,0.95
0.04,0.00,1.00
0.00,0.03,1.01
0.04,0.03,1.00
0.04,0.03,1.00
0.04,0.03,1.00
0.04,0.02,1.00
0.04,0.03,1.00
0.04,0.02,1.00
0.04,0.03,1.00
0.04,0.03,1.00
0.04,0.03,1.00
0.04,0.03,1.00
0.04,0.03,1.00
0.04,0.02,1.00
0.04,0.03,1.00
0.04,0.03,1.00
0.04,0.03,1.00
0.04,0.02,1.00
0.04,0.03,1.00
0.04,0.03,1.00
0.04,0.02,1.00
0.04,0.03,1.00
0.04,0.03,1.00
0.04,0.03,1.00
0.04,0.03,1.00
0.04,0.04,1.00
0.04,0.03,1.00
0.04,0.03,1.00
0.04,0.03,1.00
0.04,0.03,1.00
0.04,0.03,1.00
0.04,0.03,1.00
0.04,0.03,1.00
0.04,0.03,1.00
0.04,0.02,1.00
0.04,0.03,1.00
0.04,0.03,1.00
0.04,0.03,1.00
0.04,0.02,1.00
0.04,0.03,1.00
0.04,0.02,1.00
0.04,0.03,1.00
0.02,0.06,1.00
0.00,0.02,1.00
0.05,0.17,1.01
-0.09,0.15,0.98
0.04,0.75,0.77
0.01,1.01,0.71
0.00,0.91,0.62
0.03,0.91,0.41
0.06,0.99,0.46
0.04,0.95,0.45
0.03,0.90,0.49
0.02,0.96,0.54
0.02,0.74,0.71
0.01,0.52,0.79
0.01,0.40,0.97
0.01,0.23,0.94
0.02,0.13,0.99
0.00,0.05,1.07
0.02,0.05,1.01
0.04,0.02,1.00
0.04,0.03,1.00
0.04,0.01,0.98
0.04,0.03,1.00
0.04,0.03,1.00
0.04,0.03,1.00
0.04,0.02,1.00
0.04,0.03,1.00
0.04,0.03,1.00
0.04,0.02,1.00
0.04,0.03,1.00
0.04,0.03,1.00
0.04,0.03,1.00
0.04,0.03,1.00
0.04,0.03,1.00
0.04,0.03,1.00
0.04,0.03,1.00
0.04,0.03,1.00
0.04,0.02,1.00
0.04,0.03,1.00
0.04,0.03,1.00
0.04,0.03,1.00
0.04,0.03,1.00
0.04,0.03,1.00
0.04,0.03,1.00
0.04,0.03,1.00
0.04,0.02,1.00
0.04,0.03,1.00
0.04,0.02,1.00
0.04,0.03,1.00
0.04,0.03,1.00
0.04,0.03,1.00
0.04,0.03,1.00
0.04,0.03,1.00
0.04,0.03,1.00
0.03,0.03,1.00
0.04,0.03,1.00
0.04,0.03,1.00
0.04,0.03,1.00
0.04,0.03,1.00
0.04,0.03,1.00
0.03,0.03,1.04
0.05,0.28,1.11
-0.01,0.45,0.97
0.04,0.61,0.55
0.05,0.75,0.50
0.05,0.96,0.53
0.04,0.89,0.57
0.01,0.91,0.45
0.00,0.96,0.44
0.00,0.97,0.50
-0.00,0.79,0.54
0.00,0.64,0.82
0.01,0.41,0.97
-0.02,0.31,0.90
0.00,0.21,1.00
-0.05,-0.05,1.01
0.02,0.02,1.01
0.05,0.00,1.00
0.07,0.07,1.04
0.04,0.03,1.00
0.04,0.02,1.00
0.04,0.02,1.00
0.04,0.03,1.00
0.04,0.03,1.00
0.04,0.03,1.00
0.04,0.03,1.00
0.03,0.03,1.00
0.04,0.03,1.00
0.04,0.02,1.00
0.04,0.03,1.00
0.04,0.02,1.00
0.04,0.03,1.00
0.04,0.03,1.00
0.04,0.03,1.00
0.04,0.03,1.00
0.04,0.03,1.00
0.04,0.03,1.00
0.04,0.03,1.00
0.04,0.03,1.00
0.04,0.03,1.00
0.04,0.03,1.00
0.04,0.03,1.00
0.04,0.02,1.00
0.04,0.02,1.00
0.04,0.03,1.00
0.04,0.03,1.00
0.04,0.03,1.00
0.04,0.03,1.00
0.04,0.03,1.00
0.04,0.03,1.00
0.04,0.03,1.00
0.03,0.03,1.00
0.04,0.03,1.00
0.04,0.03,1.00
0.04,0.03,1.00
0.04,0.02,1.00
0.04,0.03,1.00
0.04,0.03,1.00
0.04,0.02,1.00
0.04,0.03,1.00
0.04,0.03,1.00
0.04,0.03,1.00
0.04,0.03,1.00
0.04,0.02,1.00
0.04,0.03,1.00
0.04,0.02,1.00
0.04,0.02,1.00
0.04,0.03,1.00
0.04,0.02,1.00
0.04,0.03,1.00
0.04,0.02,1.00
0.04,0.03,1.00
0.04,0.03,1.00
0.04,0.02,1.00
0.04,0.02,1.00
0.04,0.02,1.00
0.03,0.03,1.00
0.04,0.02,1.00
0.04,0.02,1.00
0.04,0.03,1.00
0.04,0.03,1.00
0.04,0.03,1.00
0.04,0.03,1.00
0.04,0.03,1.00
0.04,0.03,1.00
0.04,0.02,1.00
0.04,0.03,1.00
0.04,0.03,1.00
0.03,0.05,1.01
0.02,0.01,1.02
0.03,0.16,1.02
0.00,0.57,0.92
0.02,0.54,0.96
-0.03,0.87,0.37
-0.00,0.91,0.23
-0.08,1.24,0.09
-0.03,0.97,0.12
-0.11,1.12,0.67
-0.09,0.44,0.85
-0.07,0.20,1.05
0.00,0.10,1.10
0.07,0.06,0.99
0.00,0.04,1.00
0.04,0.03,1.00
0.04,0.02,1.00
0.04,0.03,1.00
0.04,0.02,1.00
0.04,0.02,1.00
0.04,0.02,1.00
0.04,0.02,1.00
0.04,0.03,1.00
0.04,0.03,1.00
0.04,0.03,1.00
0.04,0.02,1.00
0.04,0.03,1.00
0.03,0.02,1.00
0.04,0.02,1.00
0.04,0.02,1.00
0.04,0.03,1.00
0.04,0.02,1.00
0.04,0.03,1.00
0.04,0.03,1.00
0.04,0.03,1.01
0.04,0.03,1.00
0.04,0.03,1.00
0.04,0.02,1.00
0.04,0.02,1.00
0.04,0.02,1.00
0.04,0.03,1.00
0.04,0.02,1.00
0.04,0.03,1.00
0.04,0.02,1.00
0.04,0.03,1.00
0.05,0.06,1.00
0.04,0.02,1.00
0.04,0.03,1.00
0.04,0.02,1.00
0.03,0.11,1.02
0.00,0.26,0.95
0.04,0.65,0.84
-0.01,0.90,0.43
0.04,1.19,0.09
-0.07,1.43,-0.10
-0.07,1.14,0.00
-0.05,0.99,0.29
-0.00,0.66,0.49
0.00,0.19,1.03
0.00,0.19,1.02
0.01,0.15,1.11
0.02,0.02,1.02
0.05,0.04,1.00
0.04,0.02,1.00
0.03,0.02,1.00
0.04,0.02,1.00
0.04,0.02,1.00
0.04,0.03,1.00
0.04,0.02,1.00
0.04,0.02,1.00
0.04,0.03,1.00
0.04,0.02,1.00
0.04,0.03,1.00
0.04,0.02,1.00
0.04,0.03,1.00
0.04,0.02,1.00
0.04,0.03,1.00
0.04,0.02,1.00
0.04,0.02,1.00
0.04,0.02,1.00
0.04,0.02,1.00
0.04,0.03,1.00
0.04,0.02,1.00
0.04,0.02,1.00
0.04,0.02,1.00
0.04,0.03,1.00
0.04,0.03,1.00
0.04,0.02,1.00
0.04,0.02,1.00
0.04,0.03,1.00
0.04,0.03,1.00
0.04,0.03,1.00
0.04,0.02,1.00
0.04,0.03,1.00
0.04,0.03,1.00
0.04,0.02,1.00
0.00,0.02,1.02
0.09,-0.01,1.12
-0.12,0.43,0.93
0.05,0.34,0.62
0.02,0.90,0.36
0.01,1.11,0.11
-0.01,1.14,0.00
-0.02,1.04,0.07
0.09,0.93,0.34
0.00,0.59,0.70
-0.04,0.32,1.04
0.02,-0.04,1.04
-0.02,0.11,1.12
0.00,0.07,0.97
0.00,0.01,1.00
0.03,0.05,1.01
0.04,0.03,1.00
0.04,0.03,1.00
0.04,0.03,1.00
0.03,0.03,1.00
0.04,0.03,1.00
0.04,0.02,1.00
0.04,0.02,1.00
0.04,0.03,1.00
0.04,0.03,1.00
0.04,0.03,1.00
0.04,0.02,1.00
0.04,0.03,1.00
0.04,0.03,1.00
0.03,0.03,1.01
0.04,0.03,1.00
0.04,0.03,1.00
0.04,0.02,1.00
0.04,0.03,1.00
0.04,0.02,1.00
0.04,0.02,1.00
0.04,0.02,1.00
0.04,0.03,1.01
0.04,0.03,1.00
0.04,0.02,1.00
0.04,0.03,1.00
0.04,0.03,1.00
0.04,0.02,1.00
0.04,0.02,1.00
0.04,0.02,1.00
0.02,0.02,1.01
0.04,0.02,1.05
0.05,0.41,1.05
0.03,0.48,0.96
0.05,0.60,0.84
-0.01,0.97,0.32
-0.02,1.06,0.24
-0.04,0.98,-0.04
-0.05,1.01,0.07
-0.05,1.09,0.05
0.05,0.91,0.62
0.06,0.55,0.82
0.00,0.11,1.05
0.05,0.06,1.03
0.04,0.05,0.96
0.04,0.11,1.05
0.04,-0.02,1.14
0.04,0.04,1.00
0.04,0.03,1.00
0.04,0.03,1.00
0.03,0.03,1.00
0.04,0.02,1.00
0.04,0.02,1.00
0.04,0.03,1.00
0.04,0.02,1.00
0.04,0.02,1.00
0.04,0.03,1.00
0.03,0.03,1.00
0.04,0.02,1.00
0.04,0.02,1.00
0.04,0.03,1.00
0.04,0.02,1.00
0.04,0.03,1.00
0.04,0.03,1.00
0.04,0.02,1.00
0.04,0.03,1.00
0.04,0.02,1.00
0.04,0.02,1.00
0.04,0.02,1.00
0.04,0.03,1.00
0.04,0.03,1.00
0.04,0.02,1.00
0.04,0.02,1.00
0.04,0.02,1.00
0.04,0.02,1.00
0.04,0.03,1.00
0.04,0.03,1.00
0.04,0.03,1.00
0.04,0.02,1.00
0.04,0.03,1.00
0.04,0.02,1.01
-0.01,0.11,1.02
0.03,0.43,0.71
-0.05,0.80,0.93
0.01,0.93,0.27
-0.06,1.54,0.12
-0.12,1.29,-0.02
-0.12,0.86,0.20
0.00,1.06,0.25
-0.15,0.54,0.80
-0.05,0.30,0.95
-0.01,0.11,1.10
-0.04,0.03,1.11
0.07,0.03,1.00
0.04,0.05,0.98
0.04,0.02,1.00
0.04,0.02,1.00
0.04,0.02,1.00
0.04,0.03,1.00
0.04,0.02,1.00
0.04,0.03,1.00
0.04,0.03,1.00
0.04,0.03,1.00
0.04,0.02,1.00
0.04,0.03,1.00
0.04,0.02,1.00
0.04,0.02,1.00
0.04,0.03,1.00
0.04,0.02,1.00
0.04,0.02,1.00
0.03,0.02,1.00
0.04,0.03,1.00
0.04,0.02,1.00
0.04,0.02,1.00
0.04,0.03,1.00
0.04,0.03,1.00
0.04,0.02,1.00
0.04,0.02,1.00
0.04,0.02,1.00
0.04,0.03,1.00
0.04,0.03,1.00
0.04,0.03,1.00
0.04,0.03,1.00
0.04,0.03,1.00
0.05,0.03,1.00
0.05,0.04,1.05
0.03,0.23,1.02
-0.01,0.68,0.74
-0.03,0.82,0.55
-0.05,1.09,0.38
-0.08,0.75,0.12
-0.08,1.05,0.12
-0.08,1.05,0.03
0.07,0.75,0.52
-0.01,0.56,0.92
-0.00,0.21,1.06
0.03,0.02,1.00
0.08,-0.03,1.06
0.02,0.01,0.98
0.03,0.03,1.00
0.04,0.02,1.00
0.04,0.03,1.00
0.03,0.03,1.00
0.04,0.02,1.00
0.04,0.03,1.00
0.04,0.02,1.00
0.04,0.02,1.00
0.04,0.03,1.00
0.04,0.03,1.00
0.04,0.03,1.00
0.04,0.02,1.00
0.04,0.03,1.00
0.04,0.03,1.00
0.04,0.02,1.00
0.04,0.02,1.00
0.04,0.02,1.00
0.04,0.03,1.00
0.04,0.02,1.00
0.04,0.02,1.00
0.04,0.03,1.00
0.04,0.03,1.00
0.04,0.02,1.00
0.04,0.03,1.00
0.04,0.03,1.00
0.04,0.03,1.00
0.04,0.03,1.00
0.04,0.02,1.00
0.04,0.03,1.00
0.04,0.03,1.00
0.03,0.03,1.00
0.04,0.03,1.00
0.02,0.03,1.00
-0.06,0.19,0.87
-0.01,0.63,0.85
-0.05,0.83,0.56
0.07,0.97,0.32
-0.05,0.95,0.05
-0.05,1.11,-0.01
-0.07,1.00,0.07
-0.05,0.97,0.40
-0.04,0.59,0.78
-0.04,0.39,0.95
0.01,0.11,0.91
-0.15,0.24,0.95
0.04,0.02,1.00
0.04,0.02,1.00
0.04,0.02,1.00
0.04,0.02,1.00
0.04,0.03,1.00
0.04,0.03,1.00
0.04,0.02,1.00
0.04,0.02,1.00
0.04,0.02,1.00
0.04,0.03,1.00
0.04,0.03,1.00
0.04,0.02,1.00
0.04,0.03,1.00
0.04,0.02,1.00
0.04,0.02,1.00
0.04,0.02,1.00
0.04,0.02,1.00
0.04,0.03,1.00
0.04,0.03,1.00
0.04,0.02,1.00
0.04,0.03,1.00
0.04,0.03,1.01
0.04,0.03,1.00
0.04,0.02,1.00
0.04,0.03,1.00
0.04,0.02,1.00
0.04,0.02,1.00
0.04,0.03,1.00
0.04,0.02,1.00
0.04,0.02,1.00
0.04,0.02,1.00
0.04,-0.01,1.00
0.04,0.10,1.04
0.05,0.43,1.07
-0.03,0.82,0.88
0.06,0.46,0.49
-0.19,0.91,0.38
-0.14,1.25,0.02
-0.11,0.92,0.27
-0.15,0.79,0.11
-0.08,0.80,0.61
-0.10,0.45,0.89
-0.02,0.36,0.97
0.03,-0.05,0.85
0.04,0.02,1.06
-0.10,0.03,1.00
0.04,0.03,1.00
0.04,0.02,1.00
0.03,0.03,1.00
0.03,0.03,1.00
0.04,0.03,1.00
0.04,0.03,1.00
0.04,0.03,1.00
0.04,0.03,1.00
0.04,0.02,1.00
0.04,0.03,1.00
0.03,0.02,1.00
0.04,0.03,1.00
0.04,0.03,1.00
0.04,0.02,1.00
0.04,0.03,1.00
0.04,0.02,1.00
0.04,0.03,1.00
0.04,0.03,1.00
0.04,0.02,1.00
0.04,0.03,1.00
0.04,0.02,1.00
0.04,0.03,1.00
0.04,0.03,1.00
0.04,0.03,1.00
0.03,0.03,1.00
0.04,0.02,1.00
0.04,0.04,1.01
0.04,0.08,1.04
-0.06,0.39,0.94
-0.07,0.71,0.65
-0.16,0.84,0.16
-0.12,0.90,0.00
-0.10,1.04,0.14
-0.05,1.00,0.40
0.02,0.59,0.68
0.00,0.39,0.90
0.05,0.14,0.93
0.02,0.16,1.06
0.02,0.10,0.99
-0.03,0.08,1.05
0.05,0.01,1.00
0.03,0.06,1.01
0.02,0.02,1.00
0.04,0.02,1.00
0.04,0.02,1.00
0.04,0.03,1.00
0.04,0.03,1.00
0.04,0.03,1.00
0.04,0.03,1.00
0.04,0.02,1.00
0.04,0.02,1.00
0.03,0.03,1.00
0.04,0.02,1.00
0.04,0.03,1.00
0.04,0.02,1.00
0.03,0.04,1.00
0.04,0.02,1.01
0.04,0.02,1.00
0.04,0.03,1.00
0.04,0.03,1.00
0.03,0.02,1.00
0.04,0.02,1.00
0.04,0.03,1.00
0.04,0.03,1.00
0.04,0.02,1.00
0.04,0.03,1.00
0.04,0.03,1.00
0.04,0.03,1.00
0.04,0.03,1.00
0.04,0.03,1.00
0.04,0.02,1.00
0.04,0.03,1.00
0.04,0.03,1.00
0.04,0.03,1.00
0.04,0.03,1.00
0.04,0.03,1.00
0.04,0.03,1.00
0.04,0.02,1.00
0.04,0.03,1.00
0.04,0.02,1.00
0.04,0.03,1.00
0.04,0.03,1.00
0.04,0.03,1.00
0.04,0.03,1.00
0.04,0.03,1.00
0.04,0.02,1.00
0.04,0.02,1.00
0.04,0.02,1.00
0.04,0.03,1.00
0.04,0.03,1.00
0.04,0.02,1.00
0.04,0.02,1.00
0.04,0.03,1.00
0.04,0.02,1.00
0.04,0.02,1.00
0.03,0.03,1.00
0.03,0.03,1.00
0.00,0.06,1.03
-0.03,0.12,1.12
0.03,0.20,0.86
0.08,0.30,0.91
0.11,0.46,0.86
0.09,0.60,0.80
0.09,0.81,0.70
0.05,0.83,0.60
0.04,0.96,0.50
0.04,0.90,0.50
0.01,0.93,0.47
0.02,0.86,0.48
0.00,0.85,0.57
-0.02,0.73,0.72
-0.01,0.55,0.81
0.00,0.40,0.96
0.01,0.21,1.01
0.01,0.11,0.97
0.00,0.08,1.02
0.02,0.02,1.02
0.04,0.02,1.00
0.03,0.01,1.00
0.04,0.03,1.00
0.04,0.02,1.00
0.04,0.03,1.00
0.04,0.03,1.00
0.04,0.02,1.00
0.04,0.03,1.00
0.04,0.03,1.00
0.04,0.02,1.00
0.04,0.03,1.00
0.04,0.02,1.00
0.04,0.02,1.00
0.04,0.03,1.00
0.04,0.02,1.00
0.04,0.02,1.00
0.04,0.03,1.00
0.04,0.02,1.00
0.04,0.03,1.00
0.04,0.03,1.00
0.04,0.03,1.00
0.04,0.02,1.00
0.04,0.03,1.00
0.04,0.02,1.00
0.04,0.03,1.00
0.04,0.03,1.00
0.04,0.02,1.00
0.04,0.02,1.00
0.04,0.03,1.00
-0.01,0.09,1.01
0.00,0.04,1.00
0.00,0.12,1.04
-0.04,0.45,1.02
-0.00,0.42,0.97
0.07,0.48,0.88
0.07,0.59,0.84
0.09,0.66,0.73
0.07,0.71,0.73
0.07,0.78,0.69
0.07,0.84,0.59
0.05,0.88,0.55
0.02,0.93,0.43
0.01,0.95,0.45
0.00,0.93,0.39
0.00,1.00,0.33
-0.00,0.92,0.36
0.00,0.91,0.51
-0.02,0.78,0.64
-0.00,0.64,0.76
0.00,0.68,0.96
-0.01,0.45,0.89
-0.07,0.60,1.18
0.00,0.24,0.97
0.03,0.05,1.04
0.03,0.03,1.00
0.02,0.01,1.02
0.04,0.03,1.00
0.04,0.03,1.00
0.04,0.03,1.00
0.04,0.03,1.00
0.04,0.03,1.00
0.04,0.03,1.00
0.04,0.02,1.00
0.04,0.02,1.00
0.04,0.02,1.00
0.04,0.03,1.00
0.04,0.03,1.00
0.04,0.02,1.00
0.04,0.03,1.00
0.04,0.02,1.00
0.04,0.03,1.00
0.04,0.02,1.00
0.04,0.02,1.00
0.04,0.02,1.00
0.04,0.02,1.00
0.04,0.04,1.00
0.04,0.01,1.00
0.02,0.04,1.00
0.02,0.05,1.01
0.01,0.13,1.00
0.00,0.26,1.00
0.04,0.35,1.03
0.08,0.60,0.83
0.10,0.72,0.69
0.08,0.80,0.61
0.09,0.86,0.51
0.07,0.97,0.43
0.03,1.01,0.29
0.03,1.00,0.29
0.04,1.00,0.26
0.03,0.98,0.32
0.03,0.98,0.34
0.01,0.91,0.44
0.00,0.87,0.51
0.02,0.75,0.68
0.03,0.64,0.84
0.02,0.42,0.94
0.02,0.25,1.00
0.04,0.14,1.04
0.03,0.01,0.97
-0.01,0.00,1.00
0.03,0.01,1.00
0.04,0.02,1.00
0.04,0.02,1.00
0.04,0.03,1.00
0.04,0.03,1.00
0.04,0.03,1.00
0.04,0.03,1.00
0.04,0.02,1.00
0.04,0.03,1.00
0.05,0.03,1.00
0.04,0.02,1.00
0.04,0.02,1.00
0.04,0.02,1.00
0.04,0.02,1.00
0.05,0.03,1.00
0.04,0.03,1.00
0.04,0.02,1.00
0.04,0.03,1.00
0.04,0.03,1.00
0.04,0.03,1.00
0.04,0.02,1.00
0.04,0.02,1.00
0.04,0.02,1.00
0.04,0.03,1.00
0.05,0.04,1.03
0.00,0.11,1.00
0.01,0.23,1.02
0.04,0.26,1.08
0.05,0.41,0.93
0.07,0.52,0.83
0.06,0.61,0.72
0.04,0.77,0.73
0.05,0.89,0.64
0.06,0.87,0.51
0.03,0.96,0.40
0.02,0.96,0.32
0.02,1.03,0.25
0.02,0.98,0.27
0.02,0.90,0.35
0.02,0.94,0.46
0.00,0.93,0.51
-0.02,0.81,0.62
-0.04,0.75,0.73
-0.04,0.57,0.82
-0.04,0.41,1.03
0.01,0.20,1.00
0.00,0.07,1.02
0.04,0.00,1.00
0.04,0.03,1.00
0.04,0.03,1.00
0.05,0.02,1.00
0.04,0.02,1.00
0.04,0.02,1.00
0.04,0.03,1.00
0.04,0.02,1.00
0.04,0.02,1.00
0.04,0.02,1.00
0.04,0.02,1.00
0.04,0.02,1.00
0.04,0.03,1.00
0.04,0.02,1.00
0.04,0.02,1.00
0.04,0.02,1.00
0.04,0.03,1.00
0.04,0.03,1.00
0.04,0.02,1.00
0.05,0.03,1.00
0.04,0.03,1.01
0.04,0.03,1.00
0.04,0.03,1.00
0.04,0.02,1.00
0.04,0.03,1.00
0.02,0.04,1.00
0.05,0.06,1.07
0.01,0.23,1.10
0.04,0.26,1.04
0.06,0.35,0.93
0.07,0.48,0.84
0.08,0.63,0.76
0.07,0.68,0.74
0.07,0.80,0.62
0.06,0.89,0.50
0.05,0.92,0.51
0.04,0.93,0.43
0.04,0.95,0.50
0.04,0.91,0.45
0.04,0.91,0.43
0.02,0.89,0.52
0.02,0.75,0.62
0.00,0.56,0.83
-0.01,0.43,0.99
-0.00,0.18,1.02
0.00,0.13,0.99
0.00,0.11,0.99
0.00,0.04,0.99
0.03,0.01,1.02
0.05,0.03,1.00
0.04,0.02,1.00
0.04,0.02,1.00
0.04,0.02,1.00
0.04,0.03,1.00
0.04,0.02,1.00
0.04,0.03,1.00
0.04,0.03,1.00
0.04,0.03,1.00
0.04,0.03,1.00
0.04,0.03,1.00
0.04,0.02,1.00
0.04,0.03,1.00
0.05,0.02,1.00
0.04,0.02,1.00
0.05,0.02,1.00
0.04,0.03,1.00
0.04,0.03,1.00
0.04,0.02,1.00
0.04,0.02,1.00
0.04,0.02,1.00
0.04,0.02,1.00
0.04,0.03,1.00
0.04,0.02,1.00
0.04,0.03,1.00
0.04,0.03,1.00
0.04,0.03,1.00
0.05,0.02,1.00
0.02,0.09,1.01
0.03,0.14,1.05
0.04,0.20,1.00
0.05,0.35,0.95
0.06,0.49,0.92
0.08,0.65,0.73
0.07,0.81,0.60
0.05,0.90,0.48
0.04,0.98,0.41
0.04,0.96,0.37
0.02,0.99,0.36
0.03,0.96,0.34
0.02,0.94,0.36
-0.00,0.89,0.49
0.02,0.88,0.57
0.03,0.75,0.73
0.02,0.68,0.80
0.02,0.55,0.90
-0.01,0.46,0.94
-0.00,0.54,1.20
0.00,0.22,0.96
0.02,0.09,0.98
0.04,0.04,1.00
0.04,0.03,1.00
0.04,0.02,1.00
0.04,0.03,1.00
0.04,0.03,1.00
0.04,0.03,1.00
0.05,0.02,1.00
0.05,0.02,1.00
0.04,0.03,1.00
0.04,0.03,1.00
0.04,0.02,1.00
0.04,0.03,1.00
0.04,0.03,1.00
0.04,0.02,1.00
0.04,0.02,1.00
0.04,0.03,1.00
0.05,0.02,1.00
0.04,0.02,1.00
0.04,0.03,1.00
0.04,0.03,1.00
0.04,0.03,1.00
0.05,0.03,1.00
0.04,0.02,1.00
0.04,0.03,1.00
0.04,0.03,1.00
0.04,0.03,1.00
0.04,0.02,1.00
0.03,0.02,1.01
0.02,0.10,1.06
0.04,0.07,1.04
0.08,0.25,0.92
0.11,0.37,0.91
0.09,0.64,0.77
0.08,0.69,0.76
0.07,0.84,0.62
0.05,0.90,0.46
0.04,0.96,0.43
0.02,0.96,0.37
0.02,0.96,0.34
0.04,0.96,0.46
0.01,0.82,0.55
0.04,0.70,0.74
0.05,0.52,0.86
0.05,0.48,0.97
0.02,0.20,1.04
0.04,0.11,0.99
0.01,0.05,1.00
-0.02,0.14,1.34
0.03,0.03,1.01
0.04,0.02,1.00
0.04,0.03,1.00
0.04,0.02,1.00
0.04,0.02,1.00
0.04,0.03,1.00
0.04,0.03,1.00
0.04,0.03,1.00
0.04,0.02,1.00
0.04,0.02,1.00
0.04,0.02,1.00
0.04,0.02,1.00
0.04,0.02,1.00
0.04,0.03,1.00
0.04,0.02,1.00
0.04,0.03,1.00
0.04,0.03,1.01
0.04,0.03,1.00
0.04,0.03,1.00
0.04,0.02,1.00
0.04,0.03,1.00
0.04,0.02,1.00
0.04,0.03,1.00
0.04,0.02,1.00
0.04,0.02,1.00
0.04,0.03,1.00
0.04,0.02,1.00
0.04,0.03,1.00
0.04,0.03,1.00
0.02,0.02,1.01
-0.00,0.08,1.09
0.00,0.25,0.98
0.02,0.41,0.81
0.07,0.58,0.76
0.05,0.80,0.67
0.05,0.87,0.58
0.06,0.96,0.43
0.06,0.93,0.39
0.03,0.92,0.26
0.04,1.00,0.33
0.02,0.88,0.43
0.02,0.86,0.55
0.04,0.53,0.88
0.02,0.37,0.98
0.00,0.21,0.96
0.00,0.00,1.04
0.02,0.04,1.01
0.05,-0.13,1.36
0.02,0.01,0.99
0.05,0.03,1.01
0.04,0.03,1.00
0.05,0.02,1.00
0.04,0.03,1.00
0.04,0.02,1.00
0.04,0.02,1.00
0.04,0.03,1.00
0.04,0.03,1.00
0.04,0.03,1.00
0.04,0.03,1.00
0.04,0.03,1.00
0.04,0.02,1.00
0.04,0.02,1.00
0.04,0.02,1.00
0.04,0.02,1.00
0.04,0.02,1.00
0.04,0.03,1.00
0.04,0.03,1.00
0.04,0.03,1.00
0.05,0.03,1.00
0.04,0.02,1.00
0.04,0.03,1.00
0.04,0.02,1.00
0.04,0.03,1.00
0.04,0.03,1.00
0.05,0.02,1.00
0.04,0.03,1.00
0.04,0.00,1.00
-0.01,0.09,1.05
0.02,0.27,1.02
0.04,0.42,0.85
0.05,0.57,0.86
0.07,0.66,0.74
0.07,0.73,0.65
0.04,0.85,0.66
0.04,0.92,0.48
0.03,0.97,0.39
0.01,1.00,0.32
0.01,0.99,0.31
0.00,0.97,0.24
-0.01,0.97,0.25
0.00,0.99,0.37
-0.04,0.86,0.50
-0.02,0.88,0.63
-0.04,0.72,0.75
0.05,0.55,0.95
0.01,0.14,1.06
0.03,0.02,1.03
0.04,0.04,0.98
0.04,0.03,1.00
0.05,0.03,1.00
0.04,0.03,1.00
0.04,0.02,1.00
0.04,0.03,1.00
0.05,0.03,1.00
0.04,0.02,1.00
0.04,0.02,1.00
0.04,0.03,1.00
0.04,0.03,1.00
0.04,0.02,1.00
0.04,0.03,1.00
0.04,0.03,1.00
0.04,0.03,1.00
0.04,0.02,1.00
0.04,0.03,1.00
0.04,0.02,1.00
0.04,0.03,1.00
0.04,0.03,1.00
0.04,0.03,1.00
0.05,0.02,1.00
0.04,0.02,1.00
0.04,0.02,1.00
0.03,0.00,1.02
0.04,0.08,1.04
-0.00,0.23,1.05
0.03,0.25,0.94
0.05,0.41,0.84
0.03,0.68,0.79
0.03,0.82,0.62
0.02,0.89,0.48
0.02,0.95,0.39
0.00,0.94,0.38
-0.00,1.00,0.32
0.00,0.98,0.31
0.01,0.87,0.37
0.02,0.80,0.64
0.05,0.63,0.71
0.02,0.43,0.97
0.01,0.32,1.00
0.02,0.02,1.02
0.03,0.08,1.11
0.04,0.02,1.00
0.05,0.03,1.00
0.04,0.02,1.00
0.04,0.03,1.00
0.04,0.02,1.00
0.05,0.02,1.00
0.04,0.02,1.00
0.04,0.02,1.00
0.04,0.02,1.00
0.05,0.02,1.00
0.04,0.03,1.00
0.04,0.02,1.00
0.04,0.02,1.00
0.05,0.02,1.00
0.04,0.02,1.00
0.04,0.03,1.00
0.04,0.03,1.00
0.04,0.03,1.00
0.04,0.02,1.00
0.04,0.03,1.00
0.05,0.02,1.00
0.04,0.03,1.00
0.05,0.02,1.00
0.04,0.03,1.00
0.04,0.02,1.00
0.04,0.03,1.00
0.04,0.03,1.00
0.05,-0.02,1.12
-0.01,0.17,1.14
0.02,0.37,0.93
0.03,0.59,0.77
0.02,0.65,0.68
0.03,0.79,0.57
0.01,1.00,0.47
0.01,0.99,0.36
0.02,0.97,0.29
0.00,1.00,0.19
-0.00,1.02,0.18
-0.00,1.00,0.18
-0.01,0.97,0.25
0.00,0.94,0.41
-0.00,0.77,0.62
0.00,0.54,0.89
0.00,0.27,0.96
0.02,0.07,1.03
0.02,0.02,1.01
0.02,0.04,1.00
0.05,0.04,1.00
0.04,0.03,1.00
0.04,0.03,1.00
0.04,-0.04,0.97
0.04,0.03,1.00
0.04,0.02,1.00
0.04,0.03,1.00
0.05,0.02,1.00
0.04,0.03,1.00
0.04,0.03,1.00
0.04,0.03,1.00
0.04,0.02,1.00
0.04,0.02,1.00
0.04,0.03,1.00
0.04,0.03,1.00
0.04,0.02,1.00
0.04,0.02,1.00
0.04,0.03,1.00
0.04,0.03,1.00
0.04,0.02,1.00
0.04,0.03,1.00
0.04,0.03,1.00
0.04,0.02,1.00
0.04,0.03,1.00
0.04,0.05,1.00
0.04,0.05,1.00
0.04,0.05,1.00
0.04,0.05,1.00
0.04,0.05,1.00
0.04,0.05,1.00
0.03,0.05,1.00
0.04,0.05,1.00
0.04,0.05,1.00
0.04,0.05,1.00
0.04,0.05,1.00
0.04,0.05,1.00
0.04,0.05,1.00
0.04,0.04,1.00
0.04,0.05,1.00
0.04,0.05,1.00
0.04,0.04,1.00
0.04,0.05,1.00
0.04,0.05,1.00
0.04,0.05,1.00
0.04,0.05,1.00
0.04,0.05,1.00
0.04,0.05,1.00
0.04,0.05,1.00
0.04,0.05,1.00
0.04,0.04,1.00
0.03,0.05,1.00
0.04,0.05,1.00
0.04,0.05,1.00
0.04,0.05,1.00
0.04,0.05,1.00
0.04,0.05,1.00
0.04,0.05,1.00
0.04,0.05,1.00
0.04,0.05,1.00
0.04,0.05,1.00
0.04,0.05,1.00
0.04,0.04,1.00
0.04,0.05,1.00
0.04,0.05,1.00
0.04,0.05,1.00
0.03,0.05,1.00
0.04,0.05,1.00
0.04,0.04,1.00
0.03,0.05,1.00
0.04,0.05,1.00
0.04,0.05,1.00
0.06,0.02,1.00
0.02,0.07,1.01
-0.08,0.12,1.06
-0.04,0.04,1.02
0.01,0.05,0.94
0.02,-0.00,0.98
0.06,0.03,0.93
0.06,-0.00,0.95
-0.00,0.00,0.96
0.04,0.59,0.97
0.01,0.99,0.63
0.12,0.95,0.28
0.12,0.98,-0.22
0.07,1.06,-0.26
0.08,1.03,-0.24
0.05,1.00,0.05
0.04,1.13,0.40
0.06,0.71,0.72
0.08,0.29,1.02
0.07,0.21,0.91
0.09,0.06,0.96
0.07,0.02,0.84
0.05,0.05,1.11
0.01,0.01,1.16
-0.05,0.04,1.01
-0.01,0.07,0.98
0.04,0.06,1.01
0.04,0.05,1.02
0.05,0.05,1.00
0.04,0.05,1.00
0.04,0.05,1.00
0.04,0.05,1.00
0.04,0.05,1.00
0.04,0.05,1.00
0.04,0.05,1.00
0.04,0.04,1.00
0.04,0.05,1.00
0.04,0.05,1.00
0.04,0.05,1.00
0.04,0.04,1.00
0.04,0.04,1.00
0.04,0.05,1.00
0.04,0.05,1.00
0.04,0.05,1.00
0.04,0.05,1.00
0.04,0.05,1.00
0.04,0.04,1.00
0.04,0.05,1.00
0.04,0.05,1.00
0.04,0.04,1.00
0.04,0.04,1.00
0.01,0.05,1.03
-0.02,-0.04,1.00
0.01,-0.01,0.99
0.02,0.00,0.86
0.05,-0.07,0.93
0.07,-0.05,0.96
0.06,-0.02,1.03
0.06,0.11,1.01
0.09,0.72,1.00
0.10,0.89,0.47
0.07,1.01,0.13
0.10,0.97,-0.14
0.05,1.04,-0.30
0.07,1.00,-0.21
0.03,1.02,-0.14
0.05,1.00,0.25
0.12,0.76,0.59
0.15,0.40,0.94
0.16,0.34,0.95
0.11,0.24,0.88
0.12,0.14,0.89
0.07,0.11,1.04
0.05,0.08,1.00
0.05,0.15,1.02
-0.03,0.06,1.02
-0.00,0.07,0.98
0.02,0.02,1.05
0.04,0.04,1.00
0.04,0.04,1.00
0.04,0.04,1.00
0.04,0.05,1.00
0.04,0.05,1.00
0.04,0.05,1.00
0.04,0.04,1.00
0.04,0.05,1.00
0.04,0.05,1.00
0.04,0.04,1.00
0.04,0.05,1.00
0.04,0.05,1.00
0.04,0.05,1.00
0.04,0.05,1.00
0.04,0.05,1.00
0.04,0.05,1.00
0.04,0.05,1.00
0.04,0.05,1.00
0.04,0.05,1.00
0.04,0.04,1.00
0.04,0.05,1.00
0.04,0.04,1.00
0.04,0.05,1.00
0.04,0.05,1.00
0.02,0.05,1.01
-0.05,0.01,1.02
-0.07,-0.04,0.87
-0.00,-0.01,0.96
0.01,0.00,0.97
0.04,-0.04,0.97
0.06,-0.04,0.97
0.06,0.00,1.01
0.01,0.27,1.02
0.08,0.66,0.76
0.07,0.87,0.43
0.08,1.01,0.04
0.08,0.96,-0.22
0.04,1.07,-0.29
0.04,1.05,-0.15
0.07,1.17,0.15
0.08,0.91,0.48
0.08,0.73,0.70
0.11,0.47,0.90
0.11,0.30,0.89
0.06,0.25,0.99
0.02,0.14,0.97
0.02,0.08,1.05
0.04,0.05,1.02
0.03,-0.01,0.95
0.04,0.04,0.98
0.04,0.06,1.00
0.06,0.03,0.96
0.04,0.05,1.00
0.04,0.05,1.00
0.04,0.05,1.00
0.04,0.05,1.00
0.03,0.05,1.00
0.04,0.05,1.00
0.04,0.04,1.00
0.04,0.05,1.00
0.04,0.04,1.00
0.04,0.05,1.00
0.04,0.05,1.00
0.04,0.05,1.00
0.04,0.05,1.00
0.04,0.05,1.00
0.04,0.05,1.00
0.04,0.05,1.00
0.04,0.05,1.00
0.04,0.05,1.00
0.04,0.05,1.00
0.04,0.05,1.00
0.04,0.05,1.00
0.04,0.04,1.00
0.04,0.04,1.00
0.04,0.05,1.00
0.04,0.05,1.00
0.04,0.05,1.00
0.03,0.05,1.00
0.04,0.04,1.00
0.04,0.04,1.00
0.04,0.05,1.00
0.04,0.05,1.00
0.04,0.05,1.00
0.04,0.04,1.00
0.04,0.04,1.00
0.03,0.04,1.00
0.02,0.04,1.02
-0.02,0.24,1.27
-0.01,0.11,1.03
0.02,0.11,0.97
0.06,0.02,0.99
0.07,0.07,1.00
0.10,0.65,0.84
0.05,0.96,0.58
0.12,1.03,0.05
0.07,1.07,-0.19
0.09,1.00,-0.19
0.02,1.02,-0.18
0.04,1.02,0.27
0.14,0.82,0.63
0.09,0.59,0.83
0.13,0.39,0.90
0.09,0.29,0.83
0.05,0.23,0.99
0.02,0.19,1.02
0.04,0.06,1.02
-0.01,0.14,0.97
0.01,0.03,1.00
0.03,0.05,1.01
0.05,0.04,1.00
0.04,0.05,1.00
0.04,0.04,1.00
0.04,0.04,1.00
0.04,0.05,1.00
0.04,0.05,1.00
0.04,0.04,1.00
0.04,0.05,1.00
0.04,0.04,1.00
0.04,0.04,1.00
0.04,0.05,1.00
0.04,0.05,1.00
0.04,0.04,1.00
0.04,0.04,1.00
0.03,0.05,1.00
0.04,0.05,1.00
0.04,0.05,1.00
0.04,0.05,1.00
0.05,0.02,1.00
0.03,0.05,1.00
0.04,0.04,1.00
0.04,0.05,1.00
0.04,0.05,1.00
0.04,0.05,1.00
0.04,0.05,1.00
0.04,0.05,1.00
0.04,0.04,1.00
0.07,0.02,1.02
-0.03,0.20,1.04
-0.01,-0.03,1.05
0.02,0.02,0.96
0.03,0.00,0.96
0.04,0.00,0.98
0.07,0.01,0.97
0.08,0.01,0.98
0.06,0.02,0.99
0.07,0.02,1.02
0.08,0.02,1.02
0.09,0.11,1.07
0.11,0.42,0.89
0.10,0.81,0.63
0.08,0.96,0.17
0.04,1.02,-0.14
0.04,0.99,-0.24
0.04,1.01,-0.20
0.07,1.07,0.20
0.10,0.71,0.64
0.10,0.57,1.04
0.09,0.25,1.06
0.07,0.04,1.00
0.05,0.10,0.95
0.06,0.07,0.95
0.08,0.13,1.00
0.02,0.02,1.01
-0.03,0.06,1.00
0.03,0.04,0.98
0.05,0.05,1.00
0.04,0.05,1.00
0.04,0.05,1.00
0.04,0.04,1.00
0.04,0.04,1.00
0.04,0.04,1.00
0.04,0.05,1.00
0.04,0.05,1.00
0.04,0.05,1.00
0.04,0.05,1.00
0.04,0.04,1.00
0.04,0.05,1.00
0.04,0.05,1.00
0.04,0.05,1.00
0.04,0.04,1.00
0.04,0.05,1.00
0.04,0.05,1.00
0.04,0.04,1.00
0.04,0.05,1.00
0.04,0.05,1.00
0.04,0.05,1.00
0.04,0.04,1.00
0.04,0.05,1.00
0.04,0.05,1.00
0.04,0.05,1.00
0.04,0.05,1.00
0.03,0.05,1.00
0.04,0.05,1.00
0.04,0.05,1.00
0.04,0.05,1.01
0.03,0.05,1.00
0.04,0.04,1.00
0.04,0.04,1.00
0.03,0.04,1.00
0.02,0.05,1.07
-0.01,-0.04,1.10
0.00,0.02,1.05
0.03,0.01,1.01
0.05,-0.07,0.98
0.07,-0.09,1.00
0.10,0.00,0.98
0.09,0.03,1.01
0.08,0.29,0.92
0.07,0.78,0.76
0.14,0.91,0.47
0.07,0.88,-0.08
0.12,0.94,-0.16
0.08,0.95,-0.28
0.09,1.02,-0.23
0.11,1.08,-0.08
0.09,0.95,0.24
0.11,0.81,0.66
0.13,0.46,0.96
0.12,0.27,0.94
0.06,0.19,0.88
0.06,0.16,1.01
-0.00,0.13,1.02
0.05,0.08,1.02
-0.00,0.04,1.02
-0.03,0.05,1.09
0.01,-0.01,1.01
0.03,0.05,1.00
0.04,0.05,1.00
0.03,0.05,1.00
0.04,0.05,1.00
0.04,0.04,1.00
0.04,0.05,1.00
0.04,0.05,1.00
0.04,0.05,1.00
0.04,0.05,1.00
0.04,0.05,1.00
0.04,0.05,1.00
0.04,0.05,1.00
0.04,0.05,1.00
0.04,0.04,1.00
0.04,0.05,1.00
0.04,0.05,1.00
0.04,0.04,1.00
0.04,0.05,1.00
0.04,0.05,1.00
0.04,0.04,1.00
0.04,0.05,1.00
0.04,0.04,1.00
0.04,0.05,1.00
0.04,0.05,1.00
0.04,0.05,1.00
0.04,0.05,1.00
0.04,0.05,1.00
0.04,0.05,1.00
0.04,0.05,1.00
0.04,0.05,1.00
0.04,0.05,1.00
0.04,0.05,1.00
0.04,0.05,1.00
0.04,0.04,1.00
0.04,0.05,1.00
0.04,0.05,1.00
0.04,0.05,1.00
0.03,0.04,1.00
0.02,0.03,1.05
-0.01,-0.06,1.07
-0.02,0.01,1.02
0.00,0.04,1.00
-0.01,-0.02,1.00
0.04,0.02,0.97
0.06,0.01,0.98
0.04,0.05,0.99
0.06,0.29,0.98
0.05,0.63,0.90
0.12,0.86,0.62
0.08,1.06,0.26
0.09,1.00,-0.10
0.09,1.12,-0.22
0.07,1.04,-0.32
0.10,1.07,-0.10
0.08,0.96,-0.08
0.13,0.95,0.32
0.12,0.85,0.52
0.15,0.57,0.79
0.14,0.42,0.92
0.14,0.35,0.95
0.11,0.25,0.94
0.13,0.20,0.93
0.11,0.19,0.99
0.08,0.11,1.00
0.04,0.08,1.01
0.00,0.06,0.99
-0.03,0.11,1.00
0.01,0.07,0.98
0.05,0.05,1.00
0.04,0.05,1.00
0.03,0.05,1.00
0.04,0.05,1.00
0.04,0.05,1.00
0.04,0.05,1.00
0.04,0.05,1.00
0.04,0.05,1.00
0.04,0.05,1.00
0.04,0.04,1.00
0.04,0.05,1.00
0.04,0.04,1.00
0.04,0.05,1.00
0.04,0.05,1.00
0.04,0.05,1.00
0.04,0.05,1.00
0.04,0.05,1.00
0.04,0.05,1.00
0.04,0.05,1.00
0.04,0.04,1.00
0.04,0.05,1.00
0.04,0.05,1.00
0.04,0.05,1.00
0.04,0.05,1.00
0.04,0.05,1.00
0.04,0.05,1.00
0.04,0.05,1.00
0.04,0.05,1.00
0.04,0.05,1.00
0.03,0.05,1.00
0.01,0.04,1.02
-0.04,-0.09,1.12
-0.02,-0.01,1.03
0.00,0.00,1.07
0.00,0.01,1.00
0.03,0.02,0.97
0.07,0.07,0.98
0.08,0.05,0.95
0.07,0.12,1.00
0.05,0.30,0.94
0.05,0.47,0.95
0.07,0.93,0.62
0.10,1.11,0.27
0.15,1.14,0.00
0.12,0.99,-0.22
0.14,0.91,-0.25
0.13,0.99,-0.18
0.12,1.15,0.08
0.12,1.01,0.34
0.13,0.80,0.65
0.16,0.64,0.80
0.13,0.38,0.94
0.12,0.22,0.96
0.11,0.18,0.93
0.11,0.18,0.96
0.04,0.09,1.01
0.05,0.11,1.00
0.01,0.11,1.07
0.04,0.02,1.02
0.01,0.01,1.00
-0.00,0.04,1.04
0.03,0.05,1.01
0.04,0.05,1.00
0.04,0.04,1.00
0.04,0.05,1.01
0.04,0.05,1.00
0.04,0.04,1.00
0.04,0.05,1.00
0.04,0.05,1.00
0.04,0.05,1.00
0.04,0.04,1.00
0.04,0.05,1.00
0.04,0.05,1.00
0.04,0.05,1.00
0.04,0.05,1.00
0.04,0.05,1.00
0.04,0.05,1.00
0.04,0.05,1.00
0.04,0.05,1.00
0.04,0.04,1.00
0.04,0.05,1.00
0.04,0.05,1.00
0.04,0.05,1.00
0.04,0.05,1.00
0.03,0.05,1.00
0.04,0.04,1.00
0.04,0.04,1.00
0.04,0.04,1.00
0.04,0.04,1.00
0.04,0.04,1.00
0.04,0.04,1.00
0.04,0.04,1.00
0.04,0.04,1.00
0.04,0.04,1.00
0.04,0.04,1.00
0.04,0.04,1.00
0.04,0.04,1.00
0.04,0.04,1.00
0.04,0.04,1.00
0.04,0.04,1.00
0.04,0.04,1.00
0.04,0.05,1.00
0.04,0.04,1.00
0.04,0.04,1.00
0.04,0.04,1.00
0.04,0.04,1.00
0.04,0.04,1.00
0.04,0.04,1.00
0.04,0.04,1.00
0.04,0.04,1.00
0.04,0.04,1.00
0.04,0.04,1.00
0.04,0.04,1.00
0.04,0.04,1.00
0.04,0.04,1.00
0.04,0.04,1.00
0.04,0.04,1.00
0.04,0.04,1.00
0.04,0.04,1.00
0.04,0.04,1.00
0.04,0.04,1.00
0.04,0.04,1.00
0.04,0.04,1.00
0.04,0.05,1.00
0.04,0.04,1.00
0.04,0.05,1.00
0.04,0.04,1.00
0.04,0.04,1.00
0.04,0.04,1.00
0.05,0.05,1.00
0.05,0.07,1.00
0.05,0.18,1.08
0.02,0.89,0.78
0.08,0.92,0.29
0.07,0.98,-0.07
0.05,1.00,-0.25
0.05,1.06,-0.20
0.05,0.78,0.18
0.09,0.89,0.67
0.07,0.41,0.85
0.09,0.26,1.05
0.07,0.21,1.04
0.05,0.01,1.11
0.05,0.03,0.98
0.04,-0.01,0.91
0.05,0.03,1.00
0.04,0.04,1.00
0.04,0.04,1.00
0.04,0.04,1.00
0.04,0.04,1.00
0.04,0.04,1.00
0.04,0.04,1.00
0.04,0.04,1.00
0.04,0.04,1.00
0.04,0.04,1.00
0.04,0.04,1.00
0.04,0.04,1.00
0.04,0.04,1.00
0.04,0.04,1.00
0.04,0.04,1.00
0.04,0.04,1.00
0.04,0.04,1.00
0.04,0.04,1.00
0.04,0.04,1.00
0.04,0.04,1.00
0.04,0.04,1.00
0.04,0.04,1.00
0.04,0.04,1.00
0.04,0.04,1.00
0.04,0.04,1.00
0.04,0.04,1.00
0.04,0.04,1.00
0.04,0.04,1.00
0.04,0.04,1.00
0.04,0.04,1.00
0.04,0.04,1.00
0.04,0.04,1.00
0.04,0.04,1.00
0.04,0.04,1.00
0.05,0.02,1.11
0.03,0.29,1.07
-0.03,0.77,0.87
-0.00,0.91,0.22
0.01,1.06,0.04
0.00,1.02,-0.18
0.00,1.06,-0.10
0.02,0.98,-0.02
0.08,0.67,0.66
0.08,0.45,0.95
0.08,0.17,1.02
0.04,0.16,0.98
0.00,0.16,1.01
0.02,0.08,0.99
0.02,0.09,0.99
0.03,0.04,1.00
0.05,0.04,1.00
0.06,0.04,1.00
0.04,0.04,1.00
0.04,0.04,1.00
0.04,0.04,1.00
0.04,0.04,1.00
0.04,0.04,1.00
0.04,0.04,1.00
0.04,0.04,1.00
0.04,0.04,1.00
0.04,0.04,1.00
0.04,0.04,1.00
0.04,0.04,1.00
0.04,0.04,1.00
0.04,0.04,1.00
0.04,0.04,1.00
0.04,0.04,1.00
0.04,0.04,1.00
0.04,0.04,1.00
0.04,0.04,1.00
0.04,0.04,1.00
0.04,0.04,1.00
0.04,0.04,1.00
0.04,0.04,1.00
0.04,0.04,1.00
0.04,0.04,1.00
0.04,0.04,1.00
0.04,0.04,1.00
0.04,0.04,1.00
0.04,0.04,1.00
0.04,0.04,1.00
0.04,0.04,1.00
0.04,0.04,1.00
0.04,0.04,1.00
0.04,0.04,1.00
0.01,0.06,1.00
0.04,0.04,1.00
0.03,0.02,1.02
0.01,0.03,1.02
0.00,0.43,1.24
0.04,0.53,0.68
0.01,0.79,0.53
0.06,1.01,0.22
0.09,0.98,-0.07
0.11,0.99,-0.12
0.07,1.01,-0.14
0.07,1.01,-0.07
0.08,0.92,0.14
0.09,0.84,0.55
0.03,0.56,0.72
0.05,0.27,1.04
0.02,0.19,1.02
0.02,0.08,1.02
0.07,0.12,1.00
0.04,0.06,1.00
0.01,0.10,1.15
0.02,0.04,1.00
0.03,0.03,1.00
0.04,0.04,1.00
0.04,0.04,1.00
0.04,0.04,1.00
0.04,0.04,1.00
0.04,0.04,1.00
0.04,0.04,1.00
0.04,0.04,1.00
0.04,0.04,1.00
0.04,0.04,1.00
0.04,0.04,1.00
0.04,0.04,1.00
0.04,0.04,1.00
0.04,0.04,1.00
0.04,0.04,1.00
0.04,0.04,1.00
0.04,0.04,1.00
0.04,0.04,1.01
0.04,0.04,1.00
0.04,0.04,1.00
0.04,0.04,1.00
0.04,0.04,1.00
0.04,0.04,1.00
0.04,0.04,1.00
0.04,0.04,1.00
0.04,0.04,1.00
0.04,0.04,1.00
0.04,0.04,1.00
0.04,0.04,1.00
0.04,0.04,1.00
0.04,0.04,1.00
0.04,0.04,1.00
0.04,0.04,1.00
0.04,0.04,1.00
0.07,0.05,1.02
0.02,0.04,1.01
0.04,0.07,1.11
0.06,0.48,1.09
0.02,0.64,0.64
0.05,1.09,0.09
0.14,0.99,-0.09
0.09,0.93,-0.18
0.09,0.99,-0.16
0.06,1.09,0.43
0.06,0.64,0.84
0.08,0.33,0.99
0.04,0.05,1.04
0.00,0.04,1.02
0.06,0.12,0.95
0.05,0.04,0.98
0.05,0.02,1.00
0.04,0.03,1.00
0.04,0.04,1.01
0.04,0.04,1.00
0.04,0.03,1.00
0.04,0.04,1.00
0.04,0.04,1.00
0.04,0.04,1.00
0.04,0.04,1.00
0.04,0.04,1.00
0.04,0.04,1.00
0.04,0.04,1.00
0.04,0.04,1.00
0.04,0.04,1.00
0.04,0.04,1.00
0.04,0.04,1.00
0.04,0.04,1.00
0.04,0.04,1.00
0.04,0.04,1.00
0.04,0.04,1.00
0.04,0.04,1.00
0.04,0.04,1.00
0.04,0.04,1.00
0.04,0.04,1.00
0.04,0.04,1.00
0.03,0.04,1.00
0.04,0.04,1.00
0.04,0.04,1.00
0.04,0.04,1.00
0.04,0.04,1.00
0.04,0.04,1.00
0.04,0.04,1.00
0.03,0.03,1.00
0.02,0.07,1.00
0.05,0.16,1.05
-0.02,0.27,0.82
0.05,0.92,0.55
0.10,1.02,0.11
0.09,1.00,-0.16
0.10,0.96,-0.16
0.09,1.02,-0.11
0.07,0.86,0.16
0.08,0.78,0.75
0.03,0.53,0.99
0.05,0.15,1.08
0.05,0.12,1.12
0.08,0.03,0.96
0.05,0.06,0.98
0.04,0.02,0.99
0.04,0.03,1.00
0.05,0.04,1.00
0.04,0.04,1.00
0.04,0.04,1.00
0.04,0.04,1.00
0.04,0.04,1.00
0.04,0.04,1.00
0.04,0.04,1.00
0.04,0.04,1.00
0.04,0.04,1.00
0.04,0.04,1.00
0.04,0.04,1.00
0.04,0.04,1.00
0.04,0.03,1.00
0.04,0.04,1.00
0.04,0.04,1.00
0.04,0.03,1.00
0.04,0.04,1.00
0.04,0.04,1.00
0.04,0.04,1.00
0.04,0.04,1.00
0.04,0.04,1.00
0.04,0.04,1.00
0.04,0.04,1.00
0.04,0.03,1.00
0.04,0.04,1.00
0.04,0.04,1.00
0.04,0.04,1.00
0.04,0.04,1.00
0.04,0.04,1.00
0.03,0.04,1.00
0.04,0.04,1.00
0.04,0.04,1.00
0.04,0.04,1.00
0.04,0.04,1.00
0.04,0.04,1.00
0.04,0.04,1.00
0.04,0.03,1.00
0.04,0.04,1.00
0.03,0.04,1.00
-0.02,0.33,1.05
0.00,0.64,0.88
-0.03,0.86,0.49
0.05,1.02,-0.11
0.03,1.03,-0.23
0.02,0.99,-0.22
0.01,1.11,0.14
0.00,0.77,0.63
0.07,0.51,0.92
0.05,0.18,1.06
-0.03,0.08,1.07
0.00,0.08,0.92
0.02,0.05,1.06
0.02,0.07,0.98
0.05,0.03,1.00
0.04,0.04,1.00
0.04,0.04,1.00
0.04,0.04,1.00
0.04,0.04,1.00
0.04,0.04,1.00
0.04,0.04,1.00
0.04,0.04,1.00
0.03,0.04,1.00
0.04,0.04,1.00
0.04,0.04,1.00
0.04,0.04,1.00
0.04,0.04,1.00
0.04,0.04,1.00
0.04,0.03,1.00
0.04,0.04,1.00
0.04,0.03,1.00
0.04,0.03,1.00
0.04,0.03,1.00
0.04,0.04,1.00
0.04,0.04,1.00
0.04,0.03,1.00
0.04,0.04,1.00
0.04,0.04,1.00
0.04,0.04,1.00
0.04,0.04,1.00
0.04,0.04,1.01
0.04,0.04,1.00
0.04,0.03,1.00
0.04,0.04,1.00
0.04,0.04,1.00
0.04,0.04,1.00
0.04,0.04,1.00
0.04,0.04,1.00
0.04,0.04,1.00
0.02,0.04,1.01
-0.06,0.12,1.07
-0.05,0.43,1.21
-0.03,0.51,0.95
-0.02,0.89,0.25
0.03,0.99,-0.09
0.06,0.99,-0.21
0.04,1.00,-0.10
-0.09,0.86,0.57
0.04,0.69,1.00
0.02,0.45,0.93
0.02,0.23,1.05
-0.02,0.07,1.02
0.00,0.03,1.07
0.02,0.04,1.01
0.05,0.02,1.00
0.04,0.03,1.00
0.04,0.04,1.00
0.04,0.04,1.00
0.04,0.04,1.00
0.04,0.03,1.00
0.04,0.04,1.00
0.04,0.04,1.00
0.04,0.04,1.00
0.04,0.04,1.00
0.04,0.04,1.00
0.03,0.04,1.00
0.04,0.04,1.00
0.04,0.04,1.00
0.04,0.04,1.00
0.04,0.04,1.00
0.04,0.04,1.00
0.04,0.04,1.00
0.04,0.04,1.00
0.03,0.04,1.00
0.04,0.04,1.00
0.04,0.04,1.00
0.04,0.04,1.00
0.04,0.04,1.00
0.04,0.04,1.00
0.04,0.03,1.00
0.04,0.04,1.00
0.04,0.04,1.00
0.04,0.04,1.00
0.04,0.03,1.00
0.04,0.04,1.00
0.04,0.04,1.00
0.04,0.04,1.00
0.04,0.03,1.01
0.05,0.07,1.11
0.03,0.46,0.93
-0.04,0.80,0.80
-0.03,0.89,0.15
-0.03,1.00,-0.13
-0.01,1.00,-0.05
0.05,0.93,0.36
0.09,0.72,0.65
0.05,0.43,0.83
0.05,0.18,1.05
0.02,0.02,1.07
0.03,0.07,0.96
0.01,0.05,1.00
0.02,0.05,1.00
0.01,0.05,1.00
0.05,0.04,1.00
0.03,0.03,1.00
0.04,0.04,1.00
0.04,0.04,1.00
0.03,0.04,1.00
0.04,0.04,1.00
0.04,0.04,1.00
0.03,0.04,1.00
0.03,0.04,1.00
0.04,0.04,1.00
0.04,0.04,1.00
0.04,0.04,1.00
0.03,0.04,1.00
0.03,0.04,1.00
0.04,0.04,1.00
0.04,0.04,1.00
0.04,0.04,1.00
0.04,0.04,1.00
0.04,0.04,1.00
0.04,0.04,1.00
0.03,0.04,1.00
0.04,0.04,1.00
0.04,0.04,1.00
0.04,0.04,1.00
0.04,0.04,1.00
0.04,0.03,1.00
